Rk,Player,G,GS,MP,PER,TS%,eFG%,3PAr,FTr,PProd,ORB%,DRB%,TRB%,AST%,STL%,BLK%,TOV%,USG%,,OWS,DWS,WS,WS/40,,OBPM,DBPM,BPM
Grambling,Ivy Smith,32,30,1042,17.7,0.514,0.425,0.288,0.595,434,0.9,11.1,6.1,29.1,4,0.8,19.5,22.4,,1.6,2,3.6,0.138,,-0.4,-0.2,-0.6
Grambling,Devante Jackson,32,30,862,18.8,0.559,0.532,0.082,0.312,381,7.3,15.3,11.4,10.6,0.5,2.6,12.9,23.7,,2,1.2,3.2,0.148,,-0.6,-2.4,-2.9
Grambling,Terreon Randolph,32,9,638,16.1,0.555,0.555,0.03,0.51,162,13.4,19.6,16.5,5.8,2.4,3.4,18.9,11.8,,0.9,1.3,2.2,0.136,,-1.1,-0.6,-1.8
Grambling,Prince Moss,31,20,698,13.1,0.494,0.462,0.394,0.208,237,3.4,13.2,8.4,8.4,1.7,1.8,11.3,20.5,,0.8,1.1,1.8,0.104,,-3.2,-1.8,-5
Grambling,Cam Christon,22,17,496,14.7,0.576,0.528,0.513,0.266,185,3.6,15.1,9.5,8.3,1.8,0.7,15.6,20.8,,0.9,0.8,1.7,0.136,,-1.6,-0.9,-2.5
Grambling,Travon Bunch,32,14,607,16.5,0.564,0.613,0.014,0.627,202,12.3,18.5,15.5,2.6,1.3,9.9,23.6,19.5,,0.4,1.3,1.6,0.106,,-5.1,-0.2,-5.2
Grambling,Kelton Edwards,29,14,619,14.2,0.517,0.507,0.321,0.16,214,5.2,9.2,7.2,6.5,1.7,1.8,12.3,20.6,,0.7,0.8,1.6,0.102,,-1.2,-2.3,-3.4
Grambling,Anthony Gaston,31,14,610,11,0.552,0.497,0.372,0.423,199,4.7,9.7,7.2,8.2,1.6,0.4,22.1,19.3,,0.5,0.8,1.3,0.083,,-4.3,-2.3,-6.6
Grambling,Trevell Cunningham,29,12,572,8.6,0.44,0.421,0.309,0.324,160,2.9,12.5,7.8,20.1,2.6,0.4,25.5,18.4,,-0.3,0.9,0.6,0.043,,-4.9,-0.6,-5.6
Grambling,Tra'michael Moton,5,0,57,33.8,0.675,0.618,0.176,0.647,29,4.2,12,8.1,22.2,8.8,0,11.9,21.7,,0.3,0.2,0.4,0.305,,-8,1.1,-6.9
Grambling,Josh Mullins,9,0,40,21.6,0.539,0.542,0.333,0.5,17,0,11.4,5.8,30,2.8,0,0,18.2,,0.1,0.1,0.2,0.21,,-8.5,-3.2,-11.7
Grambling,Dearius Henyard,6,0,18,22.9,0.611,0.611,0.889,0,8,0,31.5,16.1,0,0,0,0,24.5,,0.1,0,0.1,0.21,,-7.2,-6.1,-13.4
Grambling,Zahad Munford,15,0,111,5.9,0.362,0.324,0.824,0.118,24,2.1,15.3,8.9,3.1,1.5,1,5.3,16.7,,0,0.2,0.1,0.048,,-5.3,-2.2,-7.5
Grambling,Jay Head,4,0,23,3.6,0.38,0.333,0.333,0.667,3,0,9.9,5,7.2,2.4,0,20.2,10.5,,0,0,0,0.03,,-10.5,1.1,-9.4
Grambling,David Loville,2,0,7,4,0.333,0.333,0.667,0,2,0,32.5,16.6,0,0,0,0,21,,0,0,0,0.028,,-22.2,-6.9,-29.1
Montana_State,Harald Frey,31,31,1118,21.6,0.573,0.49,0.497,0.5,533,1.2,12.1,7,28.3,2.4,0.2,14.6,25,,3.3,1.6,4.9,0.175,,3.3,0.5,3.7
Montana_State,Jubrile Belo,31,31,811,24.8,0.66,0.612,0,0.786,386,10.1,18,14.3,6.3,1.2,5.4,17.4,24.3,,2.8,1.4,4.2,0.205,,1.3,0.7,2
Montana_State,Ladan Ricketts,31,24,790,8.4,0.588,0.565,0.812,0.117,162,0.3,9.7,5.4,3.5,0.6,0.4,11.9,12.4,,0.8,0.7,1.5,0.078,,-1.5,-1,-2.5
Montana_State,Amin Adamu,29,28,789,13.9,0.496,0.464,0.097,0.237,315,2.2,19.2,11.3,12.9,2.2,0.9,19.5,28.6,,-0.3,1.3,1.1,0.053,,-2.6,-0.2,-2.8
Montana_State,Borja Fernandez,30,3,515,11.5,0.552,0.545,0.346,0.203,153,3.7,18.1,11.4,10.2,0.9,0.5,19.4,18.6,,0.3,0.7,1,0.081,,-1.6,-0.2,-1.8
Montana_State,Devin Kirby,24,23,600,9.1,0.454,0.447,0,0.362,126,8.6,17.5,13.4,9.8,0.6,1.4,20.3,12.2,,0.2,0.8,1,0.066,,-2,0,-2
Montana_State,Mychael Paulo,31,10,784,8.6,0.492,0.477,0.463,0.226,195,0.8,7.4,4.3,14.6,2.2,1,21,16.7,,0,1,1,0.049,,-3.9,0,-3.9
Montana_State,Finn Fleute,23,0,177,7,0.48,0.486,0.143,0.4,42,9.3,10.5,10,2.3,1.3,2,20.9,15.7,,0,0.2,0.2,0.049,,-5.1,-0.1,-5.2
Montana_State,Caleb Bellach,25,0,168,4.9,0.376,0.319,0.5,0.306,31,3,15.7,9.8,2.3,1.7,0,12.7,14.9,,-0.1,0.2,0.1,0.023,,-5,0.1,-4.9
Montana_State,Quentin Guliford,6,0,40,14.5,0.583,0.583,0.333,0,8,3.2,11,7.3,14.8,4.4,0,14.3,9.3,,0.1,0.1,0.1,0.128,,-1.1,1.8,0.6
Montana_State,Zach Hobbs,18,0,119,1.1,0.341,0.333,0.875,0.083,18,0,12,6.4,11.1,2,1,26.5,15.1,,-0.2,0.2,-0.1,-0.027,,-10.8,-2.2,-13
Montana_State,Zeke Quinlan,21,5,289,3.7,0.396,0.358,0.328,0.433,68,5.2,19.3,12.8,6.2,2,1.6,27.7,20.5,,-0.6,0.5,-0.1,-0.016,,-8.3,0.5,-7.8
Howard,Charles Williams,33,31,1128,16.8,0.502,0.46,0.309,0.369,540,2.6,11.2,6.9,8.7,1.1,1.6,8.6,29,,1.8,0,1.8,0.064,,0,-4.8,-4.8
Howard,Zion Cousins,31,29,805,15.6,0.559,0.535,0.013,0.428,232,11.6,19.9,15.8,6,1,3.8,15.8,13.9,,1.3,0.4,1.7,0.083,,-2.9,-3.5,-6.4
Howard,Nate Garvey,33,25,857,14.6,0.589,0.575,0.68,0.097,304,3.5,7.2,5.3,18,1.3,0.5,16.9,18.7,,1.5,-0.2,1.3,0.062,,0.8,-4.3,-3.6
Howard,Wayne Bristol,33,28,1022,13.5,0.529,0.484,0.369,0.313,388,3.6,11.7,7.6,12.3,1.6,1.3,17.9,22.9,,0.9,0.1,1,0.038,,-1.1,-4.3,-5.4
Howard,Khalil Robinson,24,20,686,12.1,0.504,0.462,0.393,0.255,194,1.9,7.6,4.7,26.1,2.4,0.2,18.5,14.3,,0.8,0,0.8,0.048,,-3.3,-3.3,-6.6
Howard,Kyle Foster,22,10,507,12.1,0.549,0.512,0.636,0.345,186,0.9,8.9,4.9,10.4,1.2,1.8,16.2,22.3,,0.5,0,0.5,0.039,,-1.5,-4.1,-5.7
Howard,Michael Barber,24,0,144,15.6,0.52,0.513,0.053,0.132,40,8.4,23,15.7,4.4,2.7,6.4,18.2,16.9,,0.1,0.2,0.2,0.063,,-4.1,-2.2,-6.3
Howard,Garon Jones,14,0,38,18.8,0.573,0.538,0.231,0.154,19,11.6,5.8,8.7,35.3,4.4,0,26.4,24.6,,0.1,0,0.1,0.095,,-1.1,-0.2,-1.3
Howard,Liwayne Richardson,22,4,157,9.1,0.523,0.522,0.043,0.957,35,6.3,19.7,13,3.6,0,9.2,24.7,13.9,,0,0.1,0.1,0.023,,-7.2,-2.4,-9.6
Howard,Raymond Bethea,24,0,275,9.3,0.424,0.389,0.417,0.333,109,7.2,13.2,10.2,14.6,1.8,0.7,17.2,27.1,,-0.2,0.1,-0.1,-0.015,,-4.4,-4.6,-8.9
Howard,Princewill Anosike,17,0,117,1.7,0.289,0.273,0,0.545,11,5.7,22.6,14.1,1.5,3.3,8.8,52,12.1,,-0.4,0.2,-0.2,-0.073,,-12.5,0.8,-11.7
Howard,Ian Lee,27,4,318,5.5,0.534,0.5,0.469,0.429,74,1.4,6.9,4.2,20.9,1.4,0.3,35.9,14.2,,-0.1,-0.1,-0.2,-0.019,,-6.4,-4.5,-10.9
Howard,Andre Toure,26,5,321,5.1,0.384,0.402,0.18,0.41,64,5.8,11.3,8.6,9.4,1.9,2.6,24.8,14.9,,-0.4,0.1,-0.3,-0.037,,-7.3,-2.7,-10.1
Howard,Phillip Jones,24,9,299,3.3,0.48,0.329,0.229,1.029,70,1.5,8.1,4.8,25.9,1.7,0.3,46.9,16.2,,-0.4,0,-0.5,-0.063,,-8.3,-5,-13.3
Texas_San_Antonio,Jhivvan Jackson,32,31,1105,26.4,0.549,0.506,0.494,0.263,770,2.8,14.5,8.4,17.3,2.3,0.7,10.5,37.2,,3.8,1.3,5.1,0.184,,7,-1.1,6
Texas_San_Antonio,Keaton Wallace,32,32,1115,19,0.521,0.484,0.507,0.24,571,2.2,11.4,6.7,18.2,1.9,1,11.1,27.5,,2.5,1.1,3.6,0.129,,2.8,-1.5,1.3
Texas_San_Antonio,Byron Frohnen,32,32,840,11.1,0.442,0.413,0,0.339,177,9.7,18.1,13.8,12.6,1.8,1.2,22.1,9.1,,0.7,1,1.7,0.083,,-1.5,0.1,-1.5
Texas_San_Antonio,Jacob Germany,31,10,492,18.3,0.556,0.556,0.008,0.301,162,8.2,21.8,14.8,3.5,1.6,5.6,13.1,16.8,,0.8,0.7,1.5,0.125,,-0.3,-0.2,-0.5
Texas_San_Antonio,Luka Barisic,32,21,542,14.6,0.536,0.503,0.5,0.213,206,6.2,12.3,9.1,9.5,1.4,2,16.6,20.5,,0.7,0.5,1.2,0.092,,0.1,-1.5,-1.4
Texas_San_Antonio,Erik Czumbel,32,24,708,5.7,0.536,0.509,0.707,0.147,137,0.6,8.2,4.3,11,1.1,0.5,24.4,11,,0.2,0.5,0.7,0.04,,-3.5,-0.9,-4.3
Texas_San_Antonio,Knox Hellums,27,0,498,9,0.522,0.5,0.574,0.261,135,3.7,8.4,6,8.7,0.3,0.4,15.7,14.5,,0.5,0.2,0.7,0.059,,-1.3,-2.7,-4
Texas_San_Antonio,Adrian Rodriguez,23,3,262,11.3,0.51,0.441,0,0.324,61,12.4,18,15.1,9.4,0.8,2.9,21.9,9.1,,0.4,0.3,0.7,0.101,,-2.4,0.3,-2.1
Texas_San_Antonio,Atem Bior,32,7,568,8.8,0.521,0.513,0.116,0.205,135,5.4,18.5,11.7,7.4,1.5,1.7,27.7,14.1,,0,0.7,0.6,0.045,,-4.4,-0.6,-5
Texas_San_Antonio,Adokiye Iyaye,16,0,139,4.8,0.482,0.417,0.458,0.625,27,0.7,3.1,1.9,2.4,1.2,0,8.8,11.6,,0.1,0.1,0.2,0.044,,-7.5,-1.9,-9.4
Texas_San_Antonio,Phoenix Ford,10,0,24,19.1,0.407,0.3,0,1,15,29.6,17.9,23.9,0,0,4.6,11.9,33,,0,0,0.1,0.097,,-10.6,-7.2,-17.7
Texas_San_Antonio,Austin Timperman,6,0,11,-6.5,0,0,1,0,0,0,9.8,4.7,0,0,0,0,8.6,,0,0,0,-0.106,,-2.5,-2,-4.5
Texas_San_Antonio,Makani Whiteside,23,0,196,3.5,0.401,0.273,0.394,0.758,41,3.6,10.9,7.2,7.3,1.4,1.7,25.1,14.4,,-0.2,0.2,0,0.005,,-5.3,-0.6,-5.9
Cincinnati,Tre Scott,30,30,1011,20,0.538,0.523,0.211,0.286,354,9.9,25.4,18,13.6,2.6,2.6,17.4,19.1,,1.6,2.5,4.1,0.162,,3.6,3.3,6.9
Cincinnati,Chris Vogt,30,29,856,20.1,0.64,0.648,0,0.481,306,11,12.7,11.9,6.4,0.7,5.8,16.5,18.1,,2.1,1.4,3.5,0.164,,2.2,2,4.2
Cincinnati,Keith Williams,30,29,864,18.6,0.525,0.478,0.252,0.323,357,6.1,12.1,9.3,11.9,2.5,3.4,12.4,24,,1.7,1.6,3.4,0.155,,3,2.7,5.6
Cincinnati,Jarron Cumberland,27,27,876,18.2,0.533,0.457,0.472,0.61,437,2.1,11.1,6.8,31.5,1.9,2.2,20.4,28.4,,1.7,1.4,3.1,0.141,,4.3,1.5,5.7
Cincinnati,Jaevin Cumberland,30,4,661,12.3,0.52,0.5,0.791,0.209,233,0.9,6.2,3.7,12.4,1.1,0.3,10.9,21.6,,1,0.8,1.8,0.109,,2.1,0,2.1
Cincinnati,Mika Adams-Woods,29,19,623,10.4,0.568,0.527,0.536,0.355,146,1.5,9.9,5.9,13.4,1.6,1.4,19.4,12.9,,0.7,0.9,1.6,0.105,,-0.1,2.7,2.5
Cincinnati,Mamoudou Diarra,28,0,290,16.3,0.609,0.598,0.125,0.518,85,11.6,18.6,15.3,4.7,2,4,22.3,15.6,,0.4,0.6,1,0.143,,0.5,2.5,3
Cincinnati,Jaume Sorolla,15,0,164,15.9,0.593,0.583,0,0.361,49,7.3,17.5,12.6,11.3,0.7,1.3,14.2,15.1,,0.3,0.3,0.6,0.146,,1.1,2.3,3.4
Cincinnati,Zach Harvey,26,0,225,7,0.467,0.438,0.4,0.6,51,1.6,7.3,4.6,14.6,2.3,1.4,21.4,14.6,,0,0.3,0.4,0.067,,-3.5,3,-0.5
Cincinnati,Chris McNeal,30,11,461,4.7,0.346,0.326,0.537,0.421,94,1.8,9.8,6,16.4,2.1,0.5,19.1,15.4,,-0.4,0.7,0.3,0.027,,-3.7,2.3,-1.4
Cincinnati,Jeremiah Davenport,18,0,123,6.5,0.46,0.367,0.467,0.567,34,5.9,10.7,8.4,3,2.8,0,22.4,20.1,,-0.1,0.2,0.2,0.051,,-5.7,1.7,-4
Cincinnati,Rob Banks,3,0,3,-6,,,,,0,0,0,0,0,0,0,,0,,0,0,0,0.028,,-11.9,1.5,-10.4
Cincinnati,John Koz,4,1,5,3.3,,,,,0,0,22,11.5,0,0,0,,0,,0,0,0,0.062,,-4.8,3.1,-1.7
Cincinnati,Sam Martin,2,0,2,0,,,,,0,0,0,0,0,0,0,,0,,0,0,0,0.023,,-4.4,-0.3,-4.7
Cincinnati,Trevor Moore,6,0,36,-1.3,0.375,0.375,0.875,0,7,0,27.5,14.4,14.9,1.6,0,38.5,18.2,,-0.1,0.1,0,-0.022,,-10.1,1.7,-8.3
Cincinnati,Prince Gillam Toyambi,0,0,0,,,,,,,,,,,,,,,,,,,,,,,
Toledo,Marreon Jackson,32,32,1131,23.3,0.565,0.513,0.562,0.375,639,2,10.7,6.5,33.7,2.4,0,14.8,29.4,,3.8,1.3,5.2,0.182,,5.2,-0.8,4.4
Toledo,Luke Knapke,32,32,1087,22.4,0.589,0.548,0.35,0.386,481,6.2,19.6,13.2,13.7,0.7,5.9,14,23.1,,3,1.6,4.7,0.171,,3.4,0.4,3.8
Toledo,Willie Jackson,32,32,1101,18.6,0.534,0.493,0.007,0.454,436,11.7,25.6,18.9,13.4,1.1,1.6,19.1,20.9,,2,1.7,3.7,0.135,,0.3,-1,-0.7
Toledo,Spencer Littleson,30,30,1018,14.6,0.563,0.545,0.644,0.213,296,2.9,5.8,4.4,11.3,2.8,0.6,8.5,15.1,,2.1,1.1,3.2,0.124,,0.6,1,1.6
Toledo,Dylan Alderson,32,22,776,9.4,0.523,0.493,0.507,0.299,163,3.4,9.6,6.6,8.4,1.5,0.8,15.5,11.8,,0.7,0.7,1.4,0.074,,-2.2,-0.2,-2.4
Toledo,Keshaun Saunders,32,12,749,7.9,0.514,0.484,0.54,0.247,226,1.8,8.2,5.2,9.4,1.5,0.4,20.3,20.3,,0.1,0.7,0.8,0.041,,-3.2,-1.3,-4.5
Toledo,Luke Maranka,32,0,218,13.6,0.541,0.417,0.278,1.083,61,6.8,13,10,4.1,0.3,6.2,8.4,13.8,,0.5,0.3,0.7,0.132,,-2.8,-0.3,-3.1
Toledo,T.J. Smith,31,0,244,8.8,0.531,0.5,0.29,0.516,46,6,12,9.1,5.8,1.4,0,20.6,10,,0.2,0.2,0.4,0.07,,-2.5,-0.9,-3.4
Toledo,Gavin Bizeau,7,0,67,6.1,0.384,0.361,0.444,0.333,16,3.4,17.2,10.6,5.4,0.9,1.6,4.6,16.4,,0,0.1,0.1,0.052,,-4.3,-1.9,-6.2
Toledo,Donavan Moore,8,0,27,24,0.553,0.556,0,0.222,14,16.8,11.6,14.1,33.8,0,3.9,16.7,22.3,,0.1,0,0.1,0.172,,1.4,-3.2,-1.9
Toledo,Blake Williams,3,0,7,5.1,0.253,0,1,0.667,2,0,15,7.8,0,8.2,0,0,28.4,,0,0,0,-0.004,,-36.8,-15.1,-51.9
LaSalle,Ed Croswell,27,25,570,24.1,0.598,0.602,0,0.53,266,18.6,21.1,19.9,7.1,1.8,2.9,19,24.5,,1.4,0.9,2.3,0.159,,2.2,-0.3,1.9
LaSalle,David Beatty,30,19,786,14.6,0.541,0.512,0.577,0.296,288,1,11.1,5.9,13.4,2.5,0.6,12.9,21.7,,1.2,1,2.2,0.11,,0.3,1.2,1.5
LaSalle,Scott Spencer,28,27,763,14.1,0.553,0.533,0.616,0.133,225,3.2,11.5,7.2,9.4,2.1,1.2,10.7,16.5,,1.2,0.9,2.1,0.111,,2.1,1.1,3.2
LaSalle,Saul Phiri,29,25,788,11.1,0.49,0.458,0.741,0.238,205,1.6,13.9,7.6,14.1,2.7,2.2,17.3,16.2,,0.4,1.1,1.5,0.078,,-0.7,2,1.2
LaSalle,Christian Ray,30,8,660,12.7,0.502,0.457,0.304,0.339,158,8.1,18.1,13,12.1,2.6,1.4,21.7,12.9,,0.5,1,1.5,0.092,,-0.9,1.9,1
LaSalle,Isiah Deas,30,25,665,13.8,0.494,0.462,0.446,0.327,268,1.5,13.7,7.4,12.8,1.6,1,13,26,,0.6,0.7,1.3,0.08,,0.4,-0.5,-0.1
LaSalle,Jared Kimbrough,24,3,384,13.7,0.566,0.545,0,0.429,99,6.7,12.9,9.7,3.8,2.1,6.3,18.5,14.8,,0.4,0.6,0.9,0.098,,-2.9,2,-0.9
LaSalle,Sherif Kenney,26,5,539,9.5,0.466,0.411,0.514,0.526,206,2.9,9.9,6.3,18.4,2.6,0.2,21.8,26,,-0.2,0.6,0.5,0.034,,-3.3,-0.2,-3.5
LaSalle,Ayinde Hikim,29,11,636,8.8,0.458,0.42,0.117,0.374,213,3.2,7.6,5.3,32,2.8,0.4,29.4,21.4,,-0.3,0.7,0.4,0.026,,-4.5,-0.2,-4.7
LaSalle,Brandon Stone,25,2,262,9.8,0.432,0.413,0.413,0.15,74,7.7,21.2,14.3,6.4,1.3,5.8,18.1,20,,-0.1,0.4,0.3,0.045,,-4.5,1.2,-3.3
LaSalle,Moustapha Diagne,4,0,17,-1.7,0.333,0.333,0,0,3,0,7,3.4,0,0,6.8,14.3,20.6,,0,0,0,-0.068,,-8.6,-0.3,-8.9
LaSalle,Andrew Lafond,2,0,4,-11.5,0,0,1,0,0,0,0,0,0,0,0,0,12.5,,0,0,0,-0.166,,-13.1,-5.1,-18.1
Missouri_Kansas_City,Rob Whitfield,30,20,868,15.5,0.564,0.545,0.7,0.126,263,0.7,9.9,5.2,9.9,2.8,1.1,11.2,18,,1.4,1.2,2.7,0.123,,1.4,-0.4,1
Missouri_Kansas_City,Jordan Giles,30,25,737,17.3,0.583,0.535,0.219,0.399,294,4.1,14.1,9,10.3,1.5,2.6,15.8,23.2,,1.5,1,2.6,0.139,,-0.6,-0.1,-0.7
Missouri_Kansas_City,Brandon McKissic,28,21,750,18.3,0.579,0.577,0.325,0.286,298,0.5,10.3,5.2,23.6,2.8,0.5,16.1,22.4,,1.6,1.1,2.6,0.141,,-0.5,-0.2,-0.7
Missouri_Kansas_City,Javan White,27,17,617,21.2,0.487,0.463,0.124,0.315,284,13.3,25.3,19.1,12.8,2.5,5.9,15.8,28.3,,0.8,1.3,2.1,0.136,,-1.2,0.2,-0.9
Missouri_Kansas_City,Marvin Nesbitt,26,18,560,15.2,0.571,0.559,0.308,0.28,177,4.8,17.5,10.9,9.9,2.4,1.3,15.6,18.2,,0.9,0.9,1.8,0.129,,-1.3,0,-1.2
Missouri_Kansas_City,Josiah Allick,30,12,489,16.4,0.567,0.534,0.263,0.568,167,9.3,21.6,15.2,4,2,4.5,17.1,19.6,,0.8,0.9,1.7,0.14,,-4.3,-0.3,-4.6
Missouri_Kansas_City,Jashire Hardnett,27,17,708,11.2,0.473,0.431,0.431,0.231,233,1.4,9.2,5.2,17.7,2.3,0.2,15.8,21.3,,0.4,0.9,1.3,0.075,,-2.7,-1.5,-4.2
Missouri_Kansas_City,Zion Williams,29,9,546,9.8,0.569,0.568,0.137,0.452,120,4.9,10,7.4,14.1,2.4,0.9,30,12.3,,0.3,0.7,1.1,0.078,,-3.2,0,-3.2
Missouri_Kansas_City,Franck Kamgain,27,8,444,10.4,0.523,0.494,0.416,0.27,112,1.9,7.3,4.5,15.4,2.4,0.3,19.9,15,,0.3,0.5,0.9,0.081,,-3.7,-0.6,-4.4
Missouri_Kansas_City,Maks Klanjscek,25,1,285,8.9,0.557,0.555,0.75,0.109,67,2.1,6.4,4.2,5.9,1.9,0.4,18.2,15.3,,0.2,0.3,0.5,0.068,,-2.2,-0.6,-2.8
Missouri_Kansas_City,Brandon Suggs,10,2,98,25.7,0.634,0.609,0,0.348,33,11.2,16,13.5,4.2,3.1,7.5,3.6,15.1,,0.4,0.2,0.5,0.224,,-0.9,0.3,-0.6
Missouri_Kansas_City,Steve Dulley,5,0,23,26.3,0.5,0.5,0.5,0,9,10.6,22.7,16.5,28.6,5.2,0,11.1,20.8,,0.1,0.1,0.1,0.192,,15.7,27.6,43.3
William_and_Mary,Nathan Knight,32,32,948,35,0.61,0.558,0.219,0.538,631,11.6,29.2,21,14.7,1.5,5.4,13.1,34.7,,4.5,1.8,6.3,0.266,,6.7,0.5,7.2
William_and_Mary,Luke Loewe,32,32,992,14.8,0.654,0.638,0.43,0.316,309,1.5,6.3,4,10.5,0.8,0.1,12.4,15.9,,2.5,0.6,3.1,0.124,,0.3,-1.4,-1.2
William_and_Mary,Andy Van Vliet,32,32,987,18.8,0.546,0.535,0.409,0.144,393,5.5,26.3,16.5,10.5,0.8,4.3,15.7,24.5,,1.4,1.5,2.9,0.117,,0.6,-0.4,0.1
William_and_Mary,Bryce Barnes,30,29,800,14.1,0.518,0.486,0.216,0.263,278,2.4,9.1,6,24.7,2.8,0.6,21.3,20,,0.8,0.9,1.8,0.088,,-2.1,0.1,-2.1
William_and_Mary,Quinn Blair,32,0,501,12.4,0.57,0.53,0.424,0.322,144,4,11.5,8,5.6,0.5,1.5,13.4,16.5,,0.8,0.4,1.2,0.093,,-1.5,-1.6,-3.1
William_and_Mary,Miguel Ayesa,30,0,448,11.4,0.566,0.566,0.909,0,116,1.4,5.4,3.6,5.4,0.7,0.7,5.5,15,,0.8,0.2,1,0.089,,1.4,-2.3,-0.9
William_and_Mary,Thornton Scott,19,10,538,11,0.505,0.463,0.702,0.273,169,1.6,10.9,6.6,27.3,1,0.8,25.6,18,,0.4,0.4,0.9,0.064,,-1.2,-1.9,-3.1
William_and_Mary,Tyler Hamilton,32,25,679,6.1,0.448,0.367,0.117,0.447,124,3.7,10.9,7.6,9.9,1.6,1.8,25,11.8,,0,0.7,0.7,0.04,,-5.4,0.8,-4.6
William_and_Mary,Rainers Hermanovskis,31,0,362,5.1,0.509,0.5,0.667,0.212,45,3.1,9.2,6.4,7.3,1,0,26.4,7.2,,0.1,0.3,0.3,0.038,,-3.3,-0.4,-3.7
William_and_Mary,Mehkel Harvey,10,0,38,23.1,0.485,0.5,0,0.5,13,19.9,20.4,20.2,0,1.5,10.9,7.5,18.5,,0.1,0.1,0.2,0.159,,-4.9,0.4,-4.5
William_and_Mary,Miodrag Dronjak,3,0,8,14.8,0.625,0.625,0.75,0,3,0,13.8,7.4,0,7.4,0,33.3,39.5,,0,0,0,-0.037,,-25.5,-13.9,-39.4
William_and_Mary,Thatcher Stone,8,0,34,8.6,0.389,0.389,0.556,0,9,14.8,6.5,10.4,5.3,3.5,0,18.2,17,,0,0,0,0.042,,-11.7,0.6,-11.1
William_and_Mary,Austin Washburn,4,0,16,9.5,0.377,0.357,0.714,0.286,6,0,13.8,7.4,12.1,3.7,0,11.2,29.4,,0,0,0,-0.001,,-11.6,-4.2,-15.8
William_and_Mary,Jihar Williams,7,0,49,5.7,0.344,0.353,0.706,0.235,14,2.6,9,6,15.1,1.2,4.2,13.7,23.5,,-0.1,0.1,0,-0.022,,-8.3,-4.1,-12.4
Missouri,Dru Smith,31,31,1017,19.4,0.543,0.454,0.287,0.466,421,4.6,10.7,7.6,27,3.8,1.5,19.2,22.6,,2.2,1.8,4,0.157,,2.8,3.6,6.4
Missouri,Xavier Pinson,31,11,743,16,0.52,0.445,0.384,0.465,348,3.1,10.8,6.9,27.7,1.9,0,19.3,28.3,,1.2,1,2.2,0.117,,1.7,0.5,2.2
Missouri,Mark Smith,24,20,641,14.6,0.558,0.531,0.749,0.257,204,1.5,16.1,8.7,6.3,2,0.2,11.9,19.5,,1.1,1,2.1,0.13,,3,2,5
Missouri,Mitchell Smith,30,13,658,12,0.48,0.421,0.486,0.293,159,7.3,19.1,13.1,6.3,1.9,1.7,9.6,13.8,,0.9,1.2,2,0.122,,0.3,2.5,2.8
Missouri,Reed Nikko,30,20,470,18,0.665,0.632,0,0.586,149,11.9,14,12.9,6.7,1.1,5.1,20.1,15.2,,1.2,0.7,1.9,0.161,,0.8,2.4,3.1
Missouri,Kobe Brown,30,26,544,13.7,0.496,0.462,0.478,0.248,167,6.8,17.6,12.2,6.6,3.2,2.6,18.2,20.3,,0.3,1.1,1.4,0.1,,0.1,2.8,2.9
Missouri,Javon Pickett,31,22,835,8.8,0.446,0.425,0.25,0.221,214,5.9,11.2,8.5,11.1,1.2,0.8,15.8,16.8,,0.3,1,1.3,0.063,,-1,0.9,-0.1
Missouri,Jeremiah Tilmon,17,11,339,19.9,0.608,0.594,0.033,0.567,134,12.4,13.4,12.9,8,0.9,7.9,22.4,22.3,,0.6,0.5,1.1,0.136,,0.6,2.6,3.3
Missouri,Parker Braun,24,0,143,16.3,0.693,0.75,0.05,0.4,31,5.7,14.2,9.9,9.2,1.7,11.5,25.2,11.4,,0.2,0.3,0.5,0.129,,-0.4,5.5,5.1
Missouri,Tray Jackson,26,0,210,11.7,0.525,0.483,0.433,0.433,69,6.1,20.5,13.2,3.3,1.4,1.8,21.7,22.6,,0,0.4,0.4,0.077,,-1.7,1.1,-0.6
Missouri,Torrence Watson,31,1,524,3.7,0.432,0.396,0.786,0.156,127,1.3,8,4.6,4,0.9,1,17.5,19.6,,-0.4,0.6,0.2,0.015,,-2.8,-0.4,-3.1
Missouri,Axel Okongo,8,0,30,6.4,0.847,1,0,1,4,3.9,4,3.9,0,0,4.2,25.3,6.8,,0,0,0.1,0.08,,-2.5,1.5,-1
Missouri,Evan Yerkes,8,0,28,9.5,0.4,0.4,0.8,0,8,4.2,4.3,4.2,15.8,2.1,0,0,18.3,,0,0,0.1,0.097,,-1.6,1.5,-0.1
Missouri,Brooks Ford,5,0,9,12.1,1.5,1.5,1,0,1,0,0,0,0,0,0,50,11.4,,0,0,0,0.037,,2,-0.2,1.8
Missouri,Mario McKinney,7,0,59,6.7,0.371,0.25,0.15,0.45,19,9.9,12.2,11,7.1,0,0,14.1,24.6,,0,0.1,0,0.016,,-4.1,-2,-6.1
Penn,AJ Brodeur,27,27,934,26.5,0.555,0.527,0.168,0.295,516,7.3,20,13.9,31,1.7,4.7,15.1,26.7,,3,1.8,4.7,0.202,,5,2.6,7.6
Penn,Devon Goodman,27,27,981,14.4,0.523,0.511,0.417,0.255,362,1.4,8.6,5.1,16.3,2.4,0.7,15,21.2,,1.1,1.3,2.4,0.098,,-1.2,0.5,-0.6
Penn,Ryan Betley,22,22,671,16.2,0.563,0.545,0.642,0.151,226,1.5,18.3,10.3,7.9,1.9,1,10.6,19.1,,1,1.1,2.1,0.127,,0.5,0.3,0.8
Penn,Max Martz,26,14,621,14.5,0.617,0.604,0.601,0.108,191,6.6,10,8.4,4.6,0.5,0.6,9.3,14.8,,1.4,0.6,2,0.128,,0.9,-1.8,-1
Penn,Jordan Dingle,25,20,783,13,0.521,0.512,0.568,0.203,318,2.3,9.2,5.9,13.8,1.4,0.1,16.5,25,,0.6,0.9,1.4,0.072,,0.3,-1.3,-0.9
Penn,Eddie Scott,25,11,439,12.8,0.618,0.598,0.585,0.366,118,4.1,15.4,10,8.5,1.1,0.2,16.5,13.2,,0.7,0.6,1.3,0.119,,-0.8,0.2,-0.7
Penn,Lucas Monroe,27,4,401,12,0.549,0.524,0.254,0.667,101,5.1,17.9,11.8,9.8,2.2,2.7,25.2,13.9,,0.2,0.7,1,0.097,,-3.4,2,-1.5
Penn,Ray Jerome,19,5,257,7.1,0.493,0.452,0.643,0.286,49,1.8,8.5,5.3,8.1,2,0.7,20.1,11.7,,0.1,0.3,0.4,0.057,,-3.3,0.8,-2.6
Penn,Jarrod Simmons,26,4,172,7.3,0.511,0.439,0.394,0.455,48,9.2,12.1,10.7,6.7,0.3,2.1,27.2,16.1,,0,0.2,0.2,0.057,,-6,-1,-6.9
Penn,Alex Imegwu,5,0,10,20.5,0.678,0.75,1,1,4,0,10.4,5.4,17.2,0,0,0,14.8,,0,0,0.1,0.203,,12,3.5,15.5
Penn,Max Lorca-Lloyd,9,0,31,22.7,0.545,0.545,0,0,15,14.6,33.5,24.5,26.4,0,8.9,26.7,24.3,,0,0.1,0.1,0.144,,-5.9,1.2,-4.7
Penn,Bryce Washington,9,1,102,8.9,0.469,0.462,0.615,0.026,34,5.6,13.2,9.6,5.5,2.2,0,20.2,24.4,,-0.1,0.1,0.1,0.02,,-5.9,-1.2,-7.2
Penn,Mark Jackson,2,0,6,-15.8,0,,,,1,37.8,0,18.1,0,0,0,67.8,24.7,,0,0,0,-0.291,,-3.8,-7.2,-11
Penn,Griffin Ryan,5,0,17,10.2,0.553,0.625,0.5,0.75,6,6.7,0,3.2,10.4,0,0,15.6,19,,0,0,0,0.076,,-6.3,-2.8,-9.1
